spatial_x,spatial_y,barcode,x,y
488.3021954299111,1173.3330249197702,AAACTTAATTGCACGC-1,488.3021954299112,1173.3330249197697
2638.302195429911,1952.755888325765,AAAGGCTCTCGCGCCG-1,2638.3021954299124,1952.755888325766
5638.302195429911,4031.2168574084176,AAATAAGGTAGTGCCC-1,5638.302195429907,4031.2168574084153
3338.302195429911,2645.576211353316,AAATACCTATAAGCAT-1,3338.3021954299097,2645.5762113533156
5188.302195429911,3598.204155516198,AAATAGCTTAGACTTT-1,5188.302195429906,3598.2041555161954
1088.302195429911,5330.254963085075,AAATGCTCGTTACGTT-1,1088.3021954299109,5330.2549630850735
5638.302195429911,3684.8066958946424,AAATTCCAGGTCCAAA-1,5638.302195429907,3684.806695894641
438.3021954299111,1086.7304845413264,AACCATAGGGTTGAAC-1,438.3021954299109,1086.7304845413264
1388.302195429911,5503.460043841963,AACCATGGGATCGCTA-1,1388.3021954299115,5503.460043841958
4538.302195429911,3684.8066958946424,AACTCTCAATAGAGCG-1,4538.302195429907,3684.806695894641
1138.302195429911,5590.062584220407,AAGAAGGATCAGTTAG-1,1138.3021954299106,5590.062584220408
3288.302195429911,2385.768590217984,AAGCTAGATCGAGTAA-1,3288.30219542991,2385.768590217983
5338.302195429911,3338.396534380867,AAGGATCGATCGCTTG-1,5338.302195429905,3338.3965343808663
5388.302195429911,4464.2295593006365,AATCTATGCCGGAGCC-1,5388.30219542991,4464.229559300638
3788.302195429911,2905.3838324886474,AATGACGTAGGATGTC-1,3788.302195429912,2905.383832488648
938.3021954299111,5416.85750346352,AATGAGTTCGCATATG-1,938.302195429911,5416.857503463522
338.3021954299111,1086.7304845413264,AATGTATGGCACTGTA-1,338.3021954299111,1086.7304845413264
3038.302195429911,2299.1660498395404,AATTAGCGCTGCAGCG-1,3038.302195429912,2299.1660498395395
3038.302195429911,2472.371130596428,AATTCTAGAGTTAGGC-1,3038.302195429912,2472.3711305964266
688.3021954299111,1173.3330249197702,ACAAACCATGCGTCCT-1,688.3021954299113,1173.3330249197704
3688.302195429911,2905.3838324886474,ACAAGGGCAGGCTCTG-1,3688.302195429909,2905.383832488648
738.3021954299111,1086.7304845413264,ACACCGGTCTGACCGC-1,738.3021954299114,1086.730484541327
2738.302195429911,1952.755888325765,ACATCCCGGCCATACG-1,2738.302195429911,1952.755888325766
2938.302195429911,2299.1660498395404,ACATTAGTTTATATCC-1,2938.302195429912,2299.1660498395395
4888.302195429911,3424.9990747593106,ACCCGGATGACGCATC-1,4888.3021954299065,3424.999074759308
4488.302195429911,3598.204155516198,ACCGATGGTAGCATCG-1,4488.302195429909,3598.2041555161954
5488.302195429911,3771.409236273086,ACCTCCGTTATTCACC-1,5488.302195429908,3771.409236273081
638.3021954299111,1086.7304845413264,ACCTCGAACTTATGCT-1,638.302195429911,1086.730484541327
4988.302195429911,3598.204155516198,ACGATCATCTTGTAAA-1,4988.302195429906,3598.2041555161954
5338.302195429911,4550.832099679081,ACGCAATCACTACAGC-1,5338.30219542991,4550.832099679079
1238.302195429911,5416.85750346352,ACGGAATTTAGCAAAT-1,1238.3021954299104,5416.85750346352
2888.302195429911,2212.5635094610966,ACGGCACTTGCTTGGG-1,2888.3021954299134,2212.5635094610952
1438.302195429911,6282.882907247958,ACGGCGGGTTGCCCTG-1,1438.302195429911,6282.882907247963
5538.302195429911,3858.01177665153,ACGTTCGCAATCAATT-1,5538.302195429902,3858.0117766515255
5288.302195429911,3424.9990747593106,ACTATCCAGGGCATGG-1,5288.302195429906,3424.999074759308
988.3021954299111,1173.3330249197702,ACTATGTCCAGCTGCC-1,988.3021954299116,1173.3330249197704
5088.302195429911,3944.614317029974,ACTCCCGAATTCGTTT-1,5088.302195429906,3944.6143170299706
3388.302195429911,2558.973670974872,ACTCCCTAGAATAGTA-1,3388.3021954299106,2558.9736709748718
3788.302195429911,3078.588913245535,ACTCTCTGACTTAGGT-1,3788.302195429912,3078.588913245534
1438.302195429911,5590.062584220407,ACTGTGCTAGTAGATC-1,1438.302195429911,5590.062584220408
1488.302195429911,5503.460043841963,ACTTAGTACGACAAGA-1,1488.302195429912,5503.460043841958
4388.302195429911,3598.204155516198,ACTTATACTTACCCGG-1,4388.302195429907,3598.2041555161954
5188.302195429911,3944.614317029974,ACTTTACCCTCATGAA-1,5188.302195429906,3944.6143170299706
4288.302195429911,3424.9990747593106,AGAAGAGCGCCGTTCC-1,4288.302195429908,3424.999074759308
1038.302195429911,5243.652422706632,AGAATTGTTTGACATA-1,1038.302195429911,5243.652422706636
3138.302195429911,2472.371130596428,AGACCCACCGCTGATC-1,3138.3021954299097,2472.3711305964266
5188.302195429911,3771.409236273086,AGATGATGGAGTCTGG-1,5188.302195429906,3771.409236273081
2788.302195429911,1866.1533479473212,AGCAGCCAGATGAATA-1,2788.302195429912,1866.1533479473203
1738.302195429911,5590.062584220407,AGCGGGAAGGGTCCAT-1,1738.3021954299106,5590.062584220408
3438.302195429911,2818.7812921102036,AGCGTGGTATTCTACT-1,3438.3021954299115,2818.781292110203
5388.302195429911,3598.204155516198,AGGGACCGGCTGCGTT-1,5388.302195429905,3598.2041555161954
5538.302195429911,4204.421938165306,AGGGAGACATACTTCG-1,5538.302195429907,4204.421938165304
4738.302195429911,3511.6016151377544,AGGGTCGATGCGAACT-1,4738.302195429907,3511.6016151377494
4488.302195429911,3771.409236273086,AGGGTGCTCTCGAGGG-1,4488.302195429908,3771.409236273081
5338.302195429911,3684.8066958946424,AGGTATAATTGATAGT-1,5338.302195429905,3684.806695894641
5338.302195429911,4204.421938165306,AGTACATCATTTATCA-1,5338.30219542991,4204.421938165304
1388.302195429911,6196.280366869514,AGTCACTCCGCCTCAT-1,1388.3021954299115,6196.280366869516
1288.302195429911,5330.254963085075,AGTCAGCCACCGCCTG-1,1288.3021954299106,5330.2549630850735
4388.302195429911,3424.9990747593106,AGTCGACGGTCTCAAG-1,4388.302195429907,3424.999074759308
5488.302195429911,3251.793994002423,AGTCGGTTGCGTGAGA-1,5488.302195429908,3251.7939940024207
5438.302195429911,4204.421938165306,AGTCTAAAGTATACTC-1,5438.302195429912,4204.421938165304
788.3021954299111,5330.254963085075,AGTTGCTGACTGATAT-1,788.3021954299113,5330.254963085075
5288.302195429911,3598.204155516198,ATAAGTAGGGCGACTC-1,5288.302195429906,3598.2041555161954
3038.302195429911,2645.576211353316,ATAATAGCTGTTGAAT-1,3038.3021954299124,2645.5762113533156
1388.302195429911,5157.049882328188,ATAATAGTGTAGGGAC-1,1388.3021954299115,5157.049882328188
4538.302195429911,4377.627018922193,ATAGAGTTATCAACTT-1,4538.302195429909,4377.627018922194
4738.302195429911,4550.832099679081,ATAGGCTAGCTTCGCA-1,4738.302195429912,4550.832099679079
4988.302195429911,3424.9990747593106,ATAGTTCCACCCACTC-1,4988.302195429906,3424.999074759308
5138.302195429911,3511.6016151377544,ATATCAACCTACAGAG-1,5138.302195429906,3511.6016151377494
5388.302195429911,3424.9990747593106,ATATCGGTAGGGAGAT-1,5388.302195429905,3424.999074759308
4738.302195429911,3684.8066958946424,ATATGTCTCCCTAGCC-1,4738.302195429908,3684.806695894641
1488.302195429911,5157.049882328188,ATATTGCTGTCAAAGT-1,1488.302195429912,5157.049882328188
5438.302195429911,4724.037180435968,ATCGCTGCGTGCAGCA-1,5438.302195429912,4724.037180435968
5288.302195429911,4117.819397786861,ATCTTGACTTGTCCAA-1,5288.302195429909,4117.819397786861
788.3021954299111,1173.3330249197702,ATGGCAGCATTACGAT-1,788.3021954299114,1173.3330249197704
1088.302195429911,1173.3330249197702,ATGGGTGTATACCTCC-1,1088.3021954299113,1173.3330249197702
5488.302195429911,3944.614317029974,ATGTAAGGCTGCTCTT-1,5488.302195429908,3944.6143170299706
3438.302195429911,2645.576211353316,ATGTGGACATCTTGAT-1,3438.3021954299115,2645.5762113533156
1338.302195429911,5416.85750346352,ATGTTACGAGCAATAC-1,1338.3021954299109,5416.85750346352
5638.302195429911,3858.01177665153,ATTATAGCTACTTTAC-1,5638.302195429907,3858.0117766515255
4838.302195429911,3858.01177665153,ATTGATGAGTCCTAAC-1,4838.302195429907,3858.0117766515255
5038.302195429911,3684.8066958946424,ATTGTACAACTCGGCT-1,5038.3021954299065,3684.806695894641
5438.302195429911,4031.2168574084176,ATTTACTAAGTCCATT-1,5438.302195429907,4031.2168574084153
4088.302195429911,3251.793994002423,ATTTGTCTTGGGAGCT-1,4088.3021954299115,3251.7939940024235
3588.302195429911,2732.17875173176,CAAGAGGGCGGAGTAC-1,3588.30219542991,2732.1787517317603
5388.302195429911,3771.409236273086,CAAGGTCCTATAGGCT-1,5388.302195429904,3771.409236273081
1088.302195429911,5503.460043841963,CAATCCTGCCGTGGAG-1,1088.3021954299109,5503.460043841958
5638.302195429911,3511.6016151377544,CAATGTGCCAACCCTT-1,5638.302195429907,3511.6016151377494
888.3021954299111,1173.3330249197702,CACAGAGACGAGGACG-1,888.3021954299114,1173.3330249197704
3538.302195429911,2645.576211353316,CACATATTAGCAGGAT-1,3538.3021954299065,2645.5762113533156
5138.302195429911,3684.8066958946424,CACCCAAATCTTATGT-1,5138.302195429906,3684.806695894641
1138.302195429911,5243.652422706632,CACCTAATAGAGTCGT-1,1138.3021954299106,5243.652422706635
4838.302195429911,4550.832099679081,CAGTCGAGGATGCAAT-1,4838.30219542991,4550.832099679079
1288.302195429911,6196.280366869514,CAGTCTCTCGGCTAAT-1,1288.3021954299106,6196.280366869516
988.3021954299111,5330.254963085075,CAGTGGTTGCACATGA-1,988.3021954299109,5330.254963085075
4588.302195429911,3598.204155516198,CATAACGGACAGTCGT-1,4588.302195429905,3598.2041555161954
1638.302195429911,5590.062584220407,CATACAAAGCCGAACC-1,1638.3021954299102,5590.062584220408
5538.302195429911,3511.6016151377544,CATACTTAGGCAATAC-1,5538.302195429902,3511.6016151377494
4788.302195429911,4464.2295593006365,CATGCGACCAGTTTAA-1,4788.302195429908,4464.229559300638
3538.302195429911,2818.7812921102036,CATGGTAAGTAGCGTT-1,3538.3021954299065,2818.781292110203
1188.302195429911,5330.254963085075,CATTTCTAGCAGACTA-1,1188.3021954299106,5330.2549630850735
5238.302195429911,3684.8066958946424,CCACGGTGCCCGGTAG-1,5238.302195429908,3684.806695894641
4988.302195429911,4117.819397786861,CCATACCTTTACTTGT-1,4988.302195429911,4117.819397786861
738.3021954299111,5416.85750346352,CCATAGTCAGTAACCC-1,738.302195429911,5416.857503463522
2988.302195429911,2385.768590217984,CCATCGCAGTTAAACT-1,2988.302195429909,2385.768590217983
3988.302195429911,3078.588913245535,CCCAGTTAAGGCGCCG-1,3988.3021954299115,3078.588913245534
3238.302195429911,2472.371130596428,CCCGCAGCGCGAACTA-1,3238.302195429909,2472.3711305964266
1238.302195429911,5243.652422706632,CCGAAAGTGGTGAGCA-1,1238.3021954299104,5243.652422706635
3438.302195429911,2472.371130596428,CCGAACCTTCCCGGCC-1,3438.302195429912,2472.3711305964266
4938.302195429911,3511.6016151377544,CCGATCTCAACCTTAT-1,4938.302195429907,3511.6016151377494
5538.302195429911,4377.627018922193,CCGCTTGCTGACATGG-1,5538.302195429907,4377.627018922194
5438.302195429911,3684.8066958946424,CCGGCACGACCGTTTC-1,5438.302195429907,3684.806695894641
4188.302195429911,3598.204155516198,CCGGGCTGCTCCATAC-1,4188.3021954299065,3598.2041555161954
5588.302195429911,3424.9990747593106,CCGGTAATGGCTAGTC-1,5588.302195429908,3424.999074759308
1488.302195429911,5330.254963085075,CCTACGGCTCAGTCGA-1,1488.302195429912,5330.2549630850735
4288.302195429911,3598.204155516198,CCTAGGCGTAGCGATC-1,4288.302195429908,3598.2041555161954
5438.302195429911,3511.6016151377544,CCTATGAAGTGGTGCC-1,5438.3021954299065,3511.6016151377494
4138.302195429911,3165.191453623979,CCTCGGACCGGGATAG-1,4138.3021954299065,3165.1914536239774
2938.302195429911,2125.960969082653,CCTCTGTACTATTCTA-1,2938.302195429912,2125.960969082652
4138.302195429911,3511.6016151377544,CCTGAACGATATATTC-1,4138.3021954299065,3511.6016151377494
5538.302195429911,3338.396534380867,CCTGGAAACGTTCTGC-1,5538.302195429902,3338.3965343808663
5588.302195429911,3598.204155516198,CCTGTCCCTCACGTTA-1,5588.302195429908,3598.2041555161954
5338.302195429911,3858.01177665153,CGACTTTGTATAGCCT-1,5338.302195429905,3858.0117766515255
988.3021954299111,5503.460043841963,CGAGGCCAGGCATTGG-1,988.3021954299109,5503.460043841962
4538.302195429911,3511.6016151377544,CGAGTTTATCGGACTG-1,4538.302195429906,3511.6016151377494
4238.302195429911,3338.396534380867,CGCACATGTCCACTAC-1,4238.3021954299065,3338.3965343808663
4038.302195429911,3338.396534380867,CGCCGCCCATGCCTGT-1,4038.30219542991,3338.396534380868
4938.302195429911,3338.396534380867,CGCTAGAGACCGCTGC-1,4938.302195429907,3338.3965343808663
2888.302195429911,2039.3584287042088,CGGAGCAATTTAATCG-1,2888.3021954299097,2039.3584287042086
3188.302195429911,2212.5635094610966,CGGCAAACATCGTGCG-1,3188.3021954299097,2212.5635094610952
5488.302195429911,4291.024478543749,CGGCCCAACCTGTAGT-1,5488.302195429915,4291.024478543749
788.3021954299111,5503.460043841963,CGGGCCATAGCCGCAC-1,788.3021954299113,5503.460043841962
4038.302195429911,2991.986372867091,CGGTACTAGAATCAAA-1,4038.3021954299106,2991.986372867092
1438.302195429911,5243.652422706632,CGGTGTACTTGATCCC-1,1438.302195429911,5243.652422706635
4688.302195429911,3771.409236273086,CGTCGGATAGTGTTGA-1,4688.302195429909,3771.409236273081
3738.302195429911,2991.986372867091,CGTGCCCTCCCGAAGA-1,3738.30219542991,2991.986372867092
5688.302195429911,3944.614317029974,CGTGTGTTAAACCCTG-1,5688.302195429906,3944.6143170299706
3588.302195429911,2905.3838324886474,CGTTGAGCGACCGTCG-1,3588.30219542991,2905.383832488648
5288.302195429911,4464.2295593006365,CGTTGTAAGATTGATT-1,5288.302195429909,4464.229559300638
3488.302195429911,2905.3838324886474,CTAAGGGAATGATTGG-1,3488.3021954299134,2905.383832488648
1088.302195429911,6196.280366869514,CTACGTGTTGCCACCA-1,1088.3021954299109,6196.280366869516
1138.302195429911,6109.67782649107,CTAGATAAACTCCTCG-1,1138.3021954299106,6109.677826491067
5038.302195429911,3858.01177665153,CTAGATGTGAGTGTAA-1,5038.3021954299065,3858.0117766515255
5088.302195429911,3598.204155516198,CTAGGTCTGAAGGAAT-1,5088.302195429907,3598.2041555161954
4888.302195429911,4464.2295593006365,CTATAAGAGCCAATCG-1,4888.302195429911,4464.229559300638
2988.302195429911,2212.5635094610966,CTATTCATGTGTCCCA-1,2988.302195429909,2212.5635094610952
1388.302195429911,5330.254963085075,CTCAGGACTCACCTGT-1,1388.3021954299115,5330.2549630850735
838.3021954299111,5416.85750346352,CTCCGGCTTGTAGACA-1,838.3021954299107,5416.857503463522
3938.302195429911,3165.191453623979,CTCGGTACCACTGCTC-1,3938.3021954299124,3165.19145362398
5088.302195429911,4810.639720814413,CTCGTTTCTAATGTTT-1,5088.302195429913,4810.6397208144135
5388.302195429911,4637.434640057525,CTCTAATGCATTGATC-1,5388.30219542991,4637.434640057525
3288.302195429911,2558.973670974872,CTCTATTTGGCTGCAG-1,3288.30219542991,2558.9736709748718
2788.302195429911,2039.3584287042088,CTCTTGTCCCGCTTGG-1,2788.3021954299106,2039.3584287042086
4938.302195429911,4031.2168574084176,CTGACTGCGCAGCTCG-1,4938.302195429907,4031.2168574084153
1138.302195429911,5416.85750346352,CTGAGCAAGTAACAAG-1,1138.3021954299106,5416.85750346352
4338.302195429911,3511.6016151377544,CTGGCGCACAGGTCTG-1,4338.302195429909,3511.6016151377494
1238.302195429911,6109.67782649107,CTGGCTCCTGCGGGAT-1,1238.3021954299104,6109.677826491067
4088.302195429911,3424.9990747593106,CTGGGATAAATAATGG-1,4088.3021954299115,3424.999074759311
5738.302195429911,3511.6016151377544,CTGGGATACGCTACCC-1,5738.302195429905,3511.6016151377494
3838.302195429911,2991.986372867091,CTGGGTAGGCAGTTAA-1,3838.30219542991,2991.986372867092
838.3021954299111,1086.7304845413264,CTGGTGAATGGGCCTA-1,838.3021954299116,1086.730484541327
4988.302195429911,3944.614317029974,CTTAGTAGGCCTACAG-1,4988.3021954299065,3944.6143170299706
1238.302195429911,5590.062584220407,CTTATGTTGACTACCA-1,1238.3021954299104,5590.062584220408
4538.302195429911,3338.396534380867,CTTGAGTTAGGGTAAT-1,4538.302195429906,3338.3965343808663
3188.302195429911,2385.768590217984,CTTGTCAACATTCGAG-1,3188.3021954299097,2385.768590217983
1288.302195429911,5157.049882328188,CTTGTTTATGTAGCCA-1,1288.3021954299106,5157.049882328188
4238.302195429911,3165.191453623979,CTTTAGGAACACTGTT-1,4238.3021954299065,3165.1914536239774
5338.302195429911,4377.627018922193,GAAACCATGGTGCGCT-1,5338.30219542991,4377.627018922194
5038.302195429911,3511.6016151377544,GAAAGAACAGCGTTAT-1,5038.3021954299065,3511.6016151377494
2588.302195429911,1866.1533479473212,GAAAGCAGTGCACTTT-1,2588.3021954299115,1866.1533479473203
4438.302195429911,3511.6016151377544,GAAGTCTCCCTAGCGA-1,4438.302195429907,3511.6016151377494
3938.302195429911,2991.986372867091,GAATGTGGTCCGGATT-1,3938.302195429913,2991.986372867092
5488.302195429911,3424.9990747593106,GACCGACGTGAAAGCA-1,5488.302195429908,3424.999074759308
5188.302195429911,3424.9990747593106,GACTCACCCACGTGAG-1,5188.302195429906,3424.999074759308
5438.302195429911,4377.627018922193,GACTCCCAGAATAAGG-1,5438.302195429912,4377.627018922194
3738.302195429911,2818.7812921102036,GAGATCTTCCATGACA-1,3738.30219542991,2818.781292110203
1188.302195429911,5157.049882328188,GAGGTCCCAAAGATCT-1,1188.3021954299106,5157.049882328188
4338.302195429911,3338.396534380867,GATAACTCGCACTGTG-1,4338.302195429909,3338.3965343808663
3938.302195429911,3338.396534380867,GATATGAGACACTAAC-1,3938.3021954299124,3338.396534380868
4888.302195429911,3771.409236273086,GATATTGAGATTGGCG-1,4888.3021954299065,3771.409236273081
3638.302195429911,2991.986372867091,GATGCTGTATTTCATC-1,3638.302195429913,2991.986372867092
1338.302195429911,5070.447341949744,GATGGCGCACACATTA-1,1338.3021954299109,5070.447341949744
5038.302195429911,3338.396534380867,GCAGACCCAGCACGTA-1,5038.3021954299065,3338.3965343808663
5538.302195429911,3684.8066958946424,GCAGCCTATATCACAT-1,5538.302195429902,3684.806695894641
5288.302195429911,4291.024478543749,GCATTCAAGGCAACGC-1,5288.302195429909,4291.024478543749
5438.302195429911,3858.01177665153,GCATTTCCAAGGCTCC-1,5438.302195429907,3858.0117766515255
5188.302195429911,4464.2295593006365,GCCAACCATTTCCGGA-1,5188.302195429913,4464.229559300638
5388.302195429911,3944.614317029974,GCCATCGATGCTGCAT-1,5388.302195429904,3944.6143170299706
1788.302195429911,5676.665124598851,GCCCACCAAGGCTGTC-1,1788.3021954299122,5676.665124598851
3038.302195429911,2125.960969082653,GCCCGATCTGTGGTCG-1,3038.302195429912,2125.960969082652
5638.302195429911,3338.396534380867,GCCGTGGAAGAAATGT-1,5638.302195429907,3338.3965343808663
388.3021954299111,1173.3330249197702,GCCTTTGTCAGTGGAC-1,388.302195429911,1173.33302491977
3988.302195429911,2905.3838324886474,GCGAAACTTAACTGGA-1,3988.3021954299115,2905.383832488648
5238.302195429911,3511.6016151377544,GCGACATGTAAACATC-1,5238.302195429909,3511.6016151377494
5238.302195429911,3858.01177665153,GCGAGAGTTGCGTCCA-1,5238.302195429908,3858.0117766515255
5338.302195429911,3511.6016151377544,GCGAGCGCATGCTCCC-1,5338.302195429905,3511.6016151377494
3788.302195429911,2732.17875173176,GCGGAGAGGGAGAACG-1,3788.302195429912,2732.1787517317603
1038.302195429911,6109.67782649107,GCGGTAACCCAAATGA-1,1038.302195429911,6109.67782649107
4988.302195429911,3771.409236273086,GCGTAAATGGCCATAA-1,4988.3021954299065,3771.409236273081
2988.302195429911,2039.3584287042088,GCGTCGCCAGGGTGAT-1,2988.30219542991,2039.3584287042086
4638.302195429911,3684.8066958946424,GCGTGGTACTGGGTTA-1,4638.302195429907,3684.806695894641
2688.302195429911,1866.1533479473212,GCTGCTAAGTAGTCGA-1,2688.3021954299134,1866.1533479473203
4088.302195429911,3078.588913245535,GCTTAATGTAACTAAC-1,4088.3021954299115,3078.5889132455363
5488.302195429911,3598.204155516198,GCTTACGTAGTTAGTA-1,5488.302195429908,3598.2041555161954
4338.302195429911,3684.8066958946424,GCTTATGAAGCAGGAA-1,4338.30219542991,3684.806695894641
3238.302195429911,2299.1660498395404,GGACCAACAGGATAAC-1,3238.302195429909,2299.1660498395395
4438.302195429911,3684.8066958946424,GGATGTCCTTACCGCA-1,4438.302195429907,3684.806695894641
3338.302195429911,2818.7812921102036,GGCAAGGCGAAATAGC-1,3338.3021954299097,2818.781292110203
1288.302195429911,5503.460043841963,GGGCGGTCCTATTGTC-1,1288.3021954299106,5503.460043841958
1188.302195429911,5503.460043841963,GGGTACCCACGGTCCT-1,1188.3021954299106,5503.460043841958
5238.302195429911,4550.832099679081,GGGTCGTGGCAAGTGT-1,5238.302195429912,4550.832099679079
5488.302195429911,4117.819397786861,GGGTGCATATGAAAGC-1,5488.302195429915,4117.819397786861
5588.302195429911,3771.409236273086,GGTATAGTGACACATA-1,5588.302195429907,3771.409236273081
2988.302195429911,2558.973670974872,GGTCAGTGGGTCCCAC-1,2988.302195429909,2558.9736709748718
1688.302195429911,5676.665124598851,GGTCGGTAATTAGACA-1,1688.302195429911,5676.665124598851
3988.302195429911,3251.793994002423,GTAAGTAACAGTCTGG-1,3988.3021954299115,3251.7939940024235
5038.302195429911,4031.2168574084176,GTAATAAAGGGCTCCC-1,5038.3021954299065,4031.2168574084153
3488.302195429911,2732.17875173176,GTACGCTTCATTGCAC-1,3488.3021954299134,2732.1787517317603
1838.302195429911,5763.267664977295,GTACTGCATGAAGCGT-1,1838.302195429911,5763.267664977294
1538.302195429911,5243.652422706632,GTACTTGGGCACTTCT-1,1538.3021954299109,5243.652422706635
3388.302195429911,2385.768590217984,GTAGCCAAACATGGGA-1,3388.30219542991,2385.768590217983
3188.302195429911,2732.17875173176,GTATCTTTCATAACCA-1,3188.30219542991,2732.1787517317603
1338.302195429911,6109.67782649107,GTATGACGTGGGAAAC-1,1338.3021954299109,6109.677826491067
4488.302195429911,3424.9990747593106,GTATGTGGGTCTAGTT-1,4488.302195429909,3424.999074759308
938.3021954299111,6109.67782649107,GTATTCTTACCGTGCT-1,938.302195429911,6109.677826491073
1338.302195429911,5590.062584220407,GTCAAAGTTTACATAG-1,1338.3021954299109,5590.062584220408
5388.302195429911,4291.024478543749,GTCGTGTCTGGTCATC-1,5388.30219542991,4291.024478543749
3688.302195429911,2732.17875173176,GTCGTTATTCGCTTAT-1,3688.302195429909,2732.1787517317603
5438.302195429911,4550.832099679081,GTCTCGACTAAGTTTG-1,5438.302195429912,4550.832099679079
5688.302195429911,3424.9990747593106,GTCTTGAGGAGCAGTG-1,5688.3021954299065,3424.999074759308
1738.302195429911,5763.267664977295,GTGAAACGTGCTCCAC-1,1738.3021954299106,5763.267664977294
5088.302195429911,4117.819397786861,GTGAACTCCCATTCGA-1,5088.302195429913,4117.819397786861
4438.302195429911,3338.396534380867,GTGACCGCACACTACG-1,4438.302195429907,3338.3965343808663
5588.302195429911,3944.614317029974,GTGACGAGGGTGACCC-1,5588.302195429907,3944.6143170299706
4138.302195429911,3338.396534380867,GTGCCCGTTCGGATTC-1,4138.3021954299065,3338.3965343808663
4888.302195429911,3598.204155516198,GTGCGACAGGGAGTGT-1,4888.3021954299065,3598.2041555161954
4038.302195429911,3165.191453623979,GTGCGTGTATATGAGC-1,4038.30219542991,3165.19145362398
3838.302195429911,2818.7812921102036,GTGGTGGCCAAGTGAA-1,3838.30219542991,2818.781292110203
5138.302195429911,4031.2168574084176,GTGGTTACTTCTTTCG-1,5138.302195429906,4031.2168574084153
5688.302195429911,3598.204155516198,GTTAAGTTAGAGTGGG-1,5688.3021954299065,3598.2041555161954
3238.302195429911,2645.576211353316,GTTACCTACAACTTGC-1,3238.3021954299097,2645.5762113533156
5388.302195429911,4117.819397786861,GTTAGCCGTAAATCAA-1,5388.30219542991,4117.819397786861
5138.302195429911,3858.01177665153,GTTCATCGTTTGGCTG-1,5138.302195429906,3858.0117766515255
5288.302195429911,3944.614317029974,GTTCGGGCGTACCATT-1,5288.302195429905,3944.6143170299706
3088.302195429911,2558.973670974872,GTTTACGTTCCATCTG-1,3088.302195429912,2558.9736709748718
3888.302195429911,3078.588913245535,GTTTGGCCCAAGTTAT-1,3888.3021954299115,3078.588913245534
3138.302195429911,2299.1660498395404,GTTTGGGCTTGTGAGC-1,3138.3021954299097,2299.1660498395395
2838.302195429911,2125.960969082653,GTTTGGTAGGGTCAAC-1,2838.30219542991,2125.960969082652
4938.302195429911,3858.01177665153,TAACCTACCGTCCGAG-1,4938.302195429907,3858.0117766515255
5238.302195429911,4204.421938165306,TAACTATTACGCCAAA-1,5238.302195429912,4204.421938165304
1238.302195429911,5070.447341949744,TAACTCCATGGAGGCT-1,1238.3021954299104,5070.447341949744
4738.302195429911,3858.01177665153,TACCGCGGACTTGCAG-1,4738.302195429908,3858.0117766515255
3138.302195429911,2645.576211353316,TACCGGCTCACTGCCC-1,3138.3021954299106,2645.5762113533156
3338.302195429911,2299.1660498395404,TACCGTGCCTCGGACC-1,3338.3021954299093,2299.1660498395395
2838.302195429911,1952.755888325765,TACGCCTCCATTCCGA-1,2838.302195429912,1952.755888325766
5088.302195429911,3771.409236273086,TACGCTATAGAAACCT-1,5088.302195429906,3771.409236273081
4238.302195429911,3511.6016151377544,TACTTGTTAGTAGTCC-1,4238.3021954299065,3511.6016151377494
5088.302195429911,3424.9990747593106,TAGACTACCTAGCGTT-1,5088.302195429907,3424.999074759308
538.3021954299111,1086.7304845413264,TAGGCGGCTGCAAAGA-1,538.3021954299115,1086.730484541327
4688.302195429911,3598.204155516198,TAGGGAGCTTGGGATG-1,4688.302195429908,3598.2041555161954
4888.302195429911,3944.614317029974,TAGGTCGCCGGAACTG-1,4888.3021954299065,3944.6143170299706
4188.302195429911,3251.793994002423,TAGGTGCTCGCCTAGC-1,4188.3021954299065,3251.7939940024207
5038.302195429911,4724.037180435968,TAGTCTGTGACGTTGC-1,5038.302195429912,4724.037180435968
4788.302195429911,3598.204155516198,TATATCCCTGGGAGGA-1,4788.302195429907,3598.2041555161954
4688.302195429911,3424.9990747593106,TATTACCATCCTGCTT-1,4688.302195429908,3424.999074759308
5288.302195429911,3771.409236273086,TCAAGAAATACTAGCT-1,5288.302195429905,3771.409236273081
5188.302195429911,4117.819397786861,TCAGAACCTCCACAGG-1,5188.302195429913,4117.819397786861
3488.302195429911,2558.973670974872,TCAGACGCTATAGAAG-1,3488.3021954299134,2558.9736709748718
1338.302195429911,5243.652422706632,TCATCACTCGAGCTCG-1,1338.3021954299109,5243.652422706635
4838.302195429911,3684.8066958946424,TCATTTAAGTCTCCGA-1,4838.302195429907,3684.806695894641
588.3021954299111,1173.3330249197702,TCCATCAATACTAATC-1,588.3021954299111,1173.3330249197704
1188.302195429911,6196.280366869514,TCCATTAGTTGGATAG-1,1188.3021954299106,6196.280366869516
5238.302195429911,4031.2168574084176,TCCCACTCTCTTCCGG-1,5238.302195429908,4031.2168574084153
5638.302195429911,4204.421938165306,TCCCGTCGCGTCATAG-1,5638.30219542991,4204.421938165304
3888.302195429911,2905.3838324886474,TCCCGTGTGCAATTTG-1,3888.3021954299115,2905.383832488648
5588.302195429911,4291.024478543749,TCCCTAGATCAATAGG-1,5588.302195429908,4291.024478543749
5538.302195429911,4031.2168574084176,TCCGAATGGTCCTGAG-1,5538.302195429902,4031.2168574084153
3088.302195429911,2385.768590217984,TCCGCTTATCCCATTA-1,3088.302195429912,2385.768590217983
3638.302195429911,2645.576211353316,TCGCAAAGATGCATTT-1,3638.302195429913,2645.5762113533156
1438.302195429911,5416.85750346352,TCGCATCCCTAAGTGT-1,1438.302195429911,5416.85750346352
5338.302195429911,4031.2168574084176,TCGGGAACGTGCCTAG-1,5338.302195429905,4031.2168574084153
4288.302195429911,3251.793994002423,TCGGGCCGTCGTGGTA-1,4288.302195429908,3251.7939940024207
3738.302195429911,2645.576211353316,TCGTGTACTATGGATG-1,3738.30219542991,2645.5762113533156
3188.302195429911,2558.973670974872,TCTAGCATGCCCAGAA-1,3188.30219542991,2558.9736709748718
4588.302195429911,3771.409236273086,TCTGAATTCCGTACAA-1,4588.302195429904,3771.409236273081
3838.302195429911,3165.191453623979,TCTGCCAGAAACTGCA-1,3838.30219542991,3165.19145362398
1038.302195429911,5416.85750346352,TCTGCGTCCGGTTTCT-1,1038.302195429911,5416.857503463524
4788.302195429911,3771.409236273086,TCTTTAAGACTATGAA-1,4788.3021954299065,3771.409236273081
5688.302195429911,3771.409236273086,TCTTTAGCAGGCGAAC-1,5688.302195429906,3771.409236273081
4938.302195429911,3684.8066958946424,TGACATCGAGCGGACC-1,4938.302195429907,3684.806695894641
4638.302195429911,3511.6016151377544,TGACGATGCACTAGAA-1,4638.302195429907,3511.6016151377494
3288.302195429911,2732.17875173176,TGACTATAATCCTTTC-1,3288.30219542991,2732.1787517317603
5238.302195429911,4377.627018922193,TGATCCCAGCATTAGT-1,5238.302195429912,4377.627018922194
5588.302195429911,4117.819397786861,TGATGGCTGTTTCTGA-1,5588.302195429908,4117.819397786861
1588.302195429911,5330.254963085075,TGATTTCCTCCTGACG-1,1588.3021954299104,5330.2549630850735
4388.302195429911,3251.793994002423,TGCAGTTTCCTCCCAT-1,4388.302195429907,3251.7939940024207
3638.302195429911,2818.7812921102036,TGCCCGTACCGTTAAA-1,3638.302195429913,2818.781292110203
888.3021954299111,5330.254963085075,TGCCTGACATCGGTCA-1,888.3021954299113,5330.254963085075
3688.302195429911,3078.588913245535,TGCGTTTGTTGACACT-1,3688.302195429909,3078.588913245534
3088.302195429911,2212.5635094610966,TTAGAAGAACATGACT-1,3088.302195429912,2212.5635094610952
4588.302195429911,3424.9990747593106,TTAGCTGATTTGCCGT-1,4588.302195429905,3424.999074759308
1538.302195429911,5590.062584220407,TTATCCAATCGAACTC-1,1538.3021954299109,5590.062584220408
288.3021954299111,2732.17875173176,TTATCTGACATTAGGA-1,288.30219542991097,2732.17875173176
3388.302195429911,2732.17875173176,TTATTAGAGCGTGTTC-1,3388.3021954299106,2732.1787517317603
4188.302195429911,3424.9990747593106,TTCAATACTCTGAATC-1,4188.3021954299065,3424.999074759308
5438.302195429911,3338.396534380867,TTCCAGACGAGATTTA-1,5438.3021954299065,3338.3965343808663
1088.302195429911,5157.049882328188,TTCGGCTAGAGATGGT-1,1088.3021954299109,5157.049882328188
5138.302195429911,4724.037180435968,TTCGTTCAACGAAGTT-1,5138.302195429912,4724.037180435968
4388.302195429911,3771.409236273086,TTCTAACCGAAGCTTA-1,4388.3021954299065,3771.409236273081
3338.302195429911,2472.371130596428,TTCTGCCGCGCCTAGA-1,3338.3021954299093,2472.3711305964266
3888.302195429911,3251.793994002423,TTCTGCGGGTTAGCGG-1,3888.3021954299115,3251.7939940024235
